{
 "type": "tank",
 "name": "K-15",
 "description": "...",
 "hitSize": 8,
 "health": 680,
 "armor": 1,
 "group": "T2"
 "treadFrames": 4,
 "hovering": false,
 "outlineRadius": 1,
 "outlineColor": "2D2F39",
 "lightRadius": 60,
 "lightColor": "FFFFFF",
 "speed": 1.0,
 "accel": 0.1,
 "drag": 0.1,
 "rotateSpeed": 1.4,
 "baseRotateSpeed": 1.4,
 "commandLimit": 1,
 "itemCapacity": 30,
 "flying": false,
 "commandRadius": 60,
 "deathSound": "tank-destroyed-small",
 "drownTimeMultiplier": 2,
 "weapons": [
  {
    "name": "k-10-weapon",
    "x": 0,
    "y": 4.5,
	"rotateSpeed": 1.2,
	"rotate": true,
	"ignoreRotation": false,
	"rotateShooting": false,
	"shoot": {
    "shots": 1,
	}
	"shootCone": 0,
	"rotationLimit": 40,
	"outlineRadius": 1,
	"top": false,
	"alternate": false,
	"mirror": false,
	"inaccuracy": 6,
    "reload": 300,
    "recoil": 2,
    "shootY": 4,
	"strokeFrom": 1,
	"strokeTo": 0,
    "shootSound": "tank-shot-mid",
	"soundPitchMin": 1.0,
		"bullet": {
           "type": "BasicBulletType",
            "damage": 160,
            "speed": 1.6,
			"height": 8,
			"width": 5,
			"shake": 0,
            "lifetime": 80,
            "sprite": "bullet",
            "splashDamageRadius": 8,
            "splashDamage": 20,
		"lightColor": "ffffff",
			},
		},
		 {
    "name": "k-10-weapon-auto",
    "x": -1.9,
    "y": 3.4,
	"controllable": false,
	"autoTarget": true,
	"rotateSpeed": 4.0,
	"rotate": true,
	"ignoreRotation": false,
	"outlineRadius": 1,
	"shoot": {
    "shots": 4,
	"shotDelay": 5,
	}
	"shootCone": 0,
	"rotationLimit": 361,
	"top": true,
	"alternate": false,
	"mirror": false,
	"inaccuracy": 3,
    "reload": 80,
    "recoil": 1,
    "shootY": 4,
	"strokeFrom": 1,
	"strokeTo": 0,
    "shootSound": "tank-shot-smallest",
	"soundPitchMin": 1.0,
		"bullet": {
           "type": "BasicBulletType",
            "damage": 5,
            "speed": 1.2,
			"height": 4,
			"width": 2,
			"shake": 0,
            "lifetime": 75,
            "sprite": "bullet",
            "splashDamageRadius": 0,
            "splashDamage": 0,
		"lightColor": "ffffff",
			},
		},
	],
	"research": {
  "parent": "tank-factory-II",
  "requirements": [
  "copper/800",
  "lead/1400",
  "graphite/1100"
  ],
	},
}
