{
 "type": "tank",
 "name": "K-10",
 "description": "...",
 "hitSize": 8,
 "health": 220,
 "armor": 0,
 "group": "T2"
 "treadFrames": 4,
 "hovering": false,
 "outlineRadius": 1,
 "outlineColor": "2D2F39",
 "lightRadius": 60,
 "lightColor": "FFFFFF",
 "speed": 0.9,
 "accel": 0.1,
 "drag": 0.1,
 "rotateSpeed": 1.0,
 "baseRotateSpeed": 1.0,
 "commandLimit": 1,
 "itemCapacity": 15,
 "flying": false,
 "commandRadius": 60,
 "deathSound": "tank-destroyed-small",
 "drownTimeMultiplier": 2,
 "weapons": [
  {
    "name": "k-10-weapon",
    "x": 0,
    "y": 4.5,
	"rotateSpeed": 1.1,
	"rotate": true,
	"ignoreRotation": false,
	"rotateShooting": false,
	"shoot": {
    "shots": 1,
	}
	"shootCone": 0,
	"rotationLimit": 30,
	"outlineRadius": 1,
	"top": false,
	"alternate": false,
	"mirror": false,
	"inaccuracy": 8,
    "reload": 150,
    "recoil": 2,
    "shootY": 4,
	"strokeFrom": 1,
	"strokeTo": 0,
    "shootSound": "tank-shot-small-snipe",
	"soundPitchMin": 1.0,
		"bullet": {
           "type": "BasicBulletType",
            "damage": 40,
            "speed": 1.5,
			"height": 6,
			"width": 4,
			"shake": 0,
            "lifetime": 90,
            "sprite": "bullet",
            "splashDamageRadius": 4,
            "splashDamage": 6,
		"lightColor": "ffffff",
			},
		},
		 {
    "name": "k-10-weapon-auto",
    "x": -1.9,
    "y": 3.4,
	"rotateSpeed": 3.0,
	"rotate": true,
	"ignoreRotation": false,
	"outlineRadius": 1,
	"shoot": {
    "shots": 2,
	"shotDelay": 5,
	}
	"shootCone": 0,
	"rotationLimit": 361,
	"top": true,
	"alternate": false,
	"mirror": false,
	"inaccuracy": 3,
    "reload": 40,
    "recoil": 1,
    "shootY": 4,
	"strokeFrom": 1,
	"strokeTo": 0,
    "shootSound": "tank-shot-smallest",
	"soundPitchMin": 1.0,
		"bullet": {
           "type": "BasicBulletType",
            "damage": 2.5,
            "speed": 1.5,
			"height": 4,
			"width": 2,
			"shake": 0,
            "lifetime": 65,
            "sprite": "bullet",
            "splashDamageRadius": 0,
            "splashDamage": 0,
		"lightColor": "ffffff",
			},
		},
	],
	"research": {
  "parent": "tank-factory-II",
  "requirements": [
  "copper/800",
  "lead/1400",
  "graphite/1100"
  ],
	},
}
