{
 "type": "tank",
 "name": "T-15",
 "description": "...",
 "hitSize": 9,
 "health": 250,
 "armor": 0,
 "group": "T2"
 "treadFrames": 4,
 "hovering": false,
 "outlineRadius": 1,
 "outlineColor": "2D2F39",
 "lightRadius": 60,
 "lightColor": "FFFFFF",
 "speed": 1.0,
 "accel": 0.1,
 "drag": 0.1,
 "rotateSpeed": 1.1,
 "baseRotateSpeed": 1.1,
 "commandLimit": 1,
 "itemCapacity": 20,
 "flying": false,
 "commandRadius": 60,
 "deathSound": "tank-destroyed-small",
 "drownTimeMultiplier": 2,
 "weapons": [
  {
    "name": "t-15-weapon",
    "x": 0,
    "y": 0.4,
	"rotateSpeed": 1.3,
	"rotate": true,
	"ignoreRotation": false,
	"rotateShooting": false,
	"shoot": {
    "shots": 1,
	}
	"shootCone": 0,
	"rotationLimit": 361,
	"outlineRadius": 1,
	"top": true,
	"alternate": false,
	"mirror": false,
	"inaccuracy": 4,
    "reload": 90,
    "recoil": 1,
    "shootY": 4,
	"strokeFrom": 1,
	"strokeTo": 0,
    "shootSound": "tank-shot-small",
	"soundPitchMin": 1.0,
		"bullet": {
           "type": "BasicBulletType",
            "damage": 30,
            "speed": 2.2,
			"height": 6,
			"width": 4,
			"shake": 0,
            "lifetime": 60,
            "sprite": "bullet",
            "splashDamageRadius": 1,
            "splashDamage": 2,
		"lightColor": "ffffff",
			},
		},
	],
	"research": {
  "parent": "tank-factory-II",
  "requirements": [
  "copper/1600",
  "lead/1500",
  "graphite/1200"
  ],
    "objectives": [
  {
    "type": "capturedSector",
    "preset": "biomassFacility",
  },
		]
	},
}
