{
	"type": "NuclearReactor",
	"health": 2000,
	"itemCapacity": 40,
	"liquidCapacity": 40,
	"size": 4,
	"ambientSound": "hum",
	"ambientSoundVolume": 0.35,
    "explosionRadius": 26,
    "explosionDamage": 2400,
	"hasLiquids": true,
	"powerProduction": 35,
	"itemDuration": 300,
	"heating": 0.02,
	"consumes": {
			"items": [
                "thorium/8"
			],
            "liquid": {
                "liquid": "cryofluid",
                "amount": 0.2
            }
	},
	"requirements": [
        "lead/400",
		"silicon/300",
		"metaglass/350",
		"thorium/300",
        "plastanium/150"
	],
	"category": "power",
	"research": "thorium-reactor"
}