{	
  "type": "AttributeCrafter",
  "boostScale": 0.15,
"drawer": {
    "type": "DrawMulti",
    "drawers": [
   {
    "type": "DrawDefault"
   },
   {
    "type": "DrawFlame",
    "flameRadius": 5,         
    "flameRadiusIn": 4,
    "flameRadiusScl": 2,
    "flameRadiusMag": 1,
    "flameRadiusInMag": 1
	}
              ]
},
	"size": 4,
	"hasPower": true,
	"hasItems": true,
	"itemCapacity": 40,
	"craftTime": 80,
	"craftEffect": "smeltsmoke",
	"updateEffect": "none",
	"consumes": {
		"power": 8,
		"items": {
			"items": [
               "sand/10",
               "lead/10",
               "blast-compound/3"
			]
		}
	},
	"requirements": [
        "metaglass/175",
        "titanium/250",
        "silicon/250",
        "surge-alloy/50",
        "plastanium/80"
	],
	"category": "crafting",
	"research": "1a-c-kiln-ii",
	"outputItem": "metaglass/18"
}
