{	
"type": "GenericCrafter",
"size": 3,
"drawer": {
    "type": "DrawMulti",
    "drawers": [
   {
    "type": "DrawDefault"
   },
   {
    "type": "DrawFade"
   }	
               ]
          },
"hasPower": true,
	"hasItems": true,
	"itemCapacity": 30,
        "liquidCapacity": 40,
	"craftTime": 180,
	"craftEffect": "formsmoke",
	"updateEffect": "plasticburn",
	"consumes": {
		"power": 6,
		"items": {
			"items": [
               "titanium/9",
               "spore-pod/6"
			]
		},
       "liquid": {
			"liquid": "oil",
			"amount": 0.5
		}
	},
	"requirements": [
        "lead/200",
        "graphite/150",
        "titanium/230",
        "silicon/300",
        "plastanium/100"
	],
	"category": "crafting",
	"research": "plastanium-compressor",
	"outputItem": "plastanium/8"
}
