{	
    "type": "GenericCrafter",
	"size": 4,
	"hasPower": true,
	"hasItems": true,
	"itemCapacity": 30,
        "liquidCapacity": 30,
	"craftTime": 65,
	"craftEffect": "smokeCloud",
	"consumes": {
		"power": 3,
		"items": {
			"items": [
               "spore-pod/5"          
 			]
		},
           "liquid": {
			"liquid": "oil",
			"amount": 0.5
		}
	},
	"requirements": [
        "lead/200",
        "graphite/175",
        "titanium/250",
        "silicon/150",
        "plastanium/120"
	],
	"category": "crafting",
	"research": "1a-n-coal-centrifuge-ii",
	"outputItem": "coal/15"
}
