{
 "type": "tank",
 "name": "T-10",
 "description": "Good tank as I level.\n[#FFC000]It has 15mm gun, medium inaccuracy, medium speed, in all ttx, tank is medium",
 "hitSize": 8,
 "health": 120,
 "armor": 0,
 "group": "T1"
 "treadFrames": 4,
 "hovering": false,
 "outlineRadius": 1,
 "outlineColor": "2D2F39",
 "lightRadius": 60,
 "lightColor": "FFFFFF",
 "speed": 0.8,
 "drag": 0.1,
 "accel": 0.1,
 "rotateSpeed": 0.9,
 "baseRotateSpeed": 0.9,
 "commandLimit": 0,
 "itemCapacity": 10,
 "flying": false,
 "commandRadius": 50,
 "deathSound": "tank-destroyed-small",
 "drownTimeMultiplier": "1",
 "weapons": [
  {
    "name": "t-10-weapon",
    "x": 0,
    "y": 0,
	"rotateSpeed": 1.1,
	"rotate": true,
	"ignoreRotation": true,
	"followRotation": false,
	"rotateShooting": false,
	"shoot": {
    "shots": 1,
	}
	"shootCone": 0,
	"rotationLimit": 361,
	"top": true,
	"alternate": false,
	"mirror": false,
	"inaccuracy": 5,
    "reload": 80,
    "recoil": 1,
    "shootY": 4,
	"strokeFrom": 1,
	"strokeTo": 0,
    "shootSound": "tank-shot-small",
	"soundPitchMin": 1.0,
		"bullet": {
           "type": "BasicBulletType",
            "damage": 20,
            "speed": 2,
			"height": 5,
			"width": 3,
			"shake": 0,
            "lifetime": 64,
            "sprite": "bullet",
            "splashDamageRadius": 5,
            "splashDamage": 0,
		"lightColor": "ffffff",
			},
		},
	],
	"research": {
  "parent": "tank-factory-I",
  "requirements": [
  "copper/1100",
  ],
	},
}
