{
    "type": "mendProjector",
    "health": 7200,
    "size": 3,
    "buildCostMultiplier": 0.15,
    "absorbLasers":true,
    "reload": 180,
    "range": 20,
    "healPercent": 4,
    "conductivePower":true,
    "phaseBoost": 0,
    "phaseRangeBoost": 0,
    "consumes": {
    "power": 0.8
                },
    "requirements": [
        "thorium/48",
        "plastanium/50",
        "metaglass/50"
    ],
    "category": "defense",
    "research": {
        "parent": "plastanium-wall-large",
        "objectives": [
        "thorium-wall-large"
        ]
      }
    }