{
	"name": "Titanium drill",
	"description": "Mines thorium. Drill faster than pneumatic drill",
	"type": "Drill",
	"size": 2,
	"tier": 5,
	"drillTime": 120,
	"rotateSpeed": 2,
	"warmupSpeed": 0.005,
	"liquidBoostIntensity": 1.5,
	"liquidCapacity": 10,
	"consumes": {
		"liquid": {
			"liquid": "water", 
			"amount": 0.075,
			"optional": true,
			"booster": true
		},
	},
	"requirements": [
		"copper/60",
		"graphite/40",
		"titanium/30"
	],
	"category": "production",
	"research": "pneumatic-drill"
}
