{
"type": "mendProjector",
"health": 490,
"size": 3,
"buildCostMultiplier": 0.15,
"reload": 120,
"range": 180,
"healPercent": 19,
"itemCapacity": 15,
"hasPower": true,
"phaseBoost": 10,
"phaseRangeBoost": 70,
"consumes": {
	"power": 6.8,
	"items": {
		"items": [
   "silicon/1",
   "phase-fabric/1"
		],
        "booster": false,
        "optional": false
	}
},
"requirements": [
	"silicon/160",
	"lead/140",
	"graphite/230",
	"plastanium/100",
	"titanium/130",
    "surge-alloy/120"
],
"category": "effect",
"research": "mend-projector"
}