{
  "type": "GenericCrafter",
  "name": "Energy kiln",
  "description": "Freezes energy into two metaglass units",
  "health": 500,
  "size": 2,
  "requirements": [
    { "item": "copper", "amount": 120},
	{ "item": "lead", "amount": 80},
	{ "item": "graphite", "amount": 70},
  ],
  "research": "kiln",
  "hasPower": true,
  "hasItems": true,
  "craftTime": 90,
  "consumes": {
    "power": 15,
  },
  "updateEffect": "smeltsmoke",
  "category": "crafting",
  "idleSoundVolume": 0.5,
  "itemCapacity": 24,
  "outputItem": { "item": "metaglass", "amount": 2}
}