{
  "type": "GenericCrafter",
  "name": "Pyratergy mixer",
  "description": "Produce pyratite. Needs much power.",
  "health": 400,
  "size": 2,
  "requirements": [
    { "item": "copper", "amount": 200},
	{ "item": "lead", "amount": 130},
  ],
  "research": "pyratite-mixer",
  "hasPower": true,
  "hasItems": true,
  "craftTime": 180,
  "consumes": {
    "power": 11,
  },
  "updateEffect": "smeltsmoke",
  "category": "crafting",
  "idleSoundVolume": 0.5,
  "itemCapacity": 20,
  "outputItem": { "item": "pyratite", "amount": 3}
}