{
  "type": "GenericCrafter",
  "name": "Energetic surge smelter",
  "description": "Fast produce surge-alloy with huge amount of energy.",
  "health": 1000,
  "size": 3,
  "requirements": [
    { "item": "copper", "amount": 100},
	{ "item": "lead", "amount": 175},
	{ "item": "silicon", "amount": 120},
	{ "item": "titanium", "amount": 180},
	{ "item": "thorium", "amount": 140}
  ],
  "research": "alloy-smelter",
  "hasPower": true,
  "hasItems": true,
  "craftTime": 72,
  "consumes": {
    "power": 40,
  },
  "updateEffect": "smeltsmoke",
  "category": "crafting",
  "idleSoundVolume": 0.5,
  "itemCapacity": 30,
  "outputItem": { "item": "surge-alloy", "amount": 2}
}