{
  "type": "GenericCrafter",
  "name": "Srarium",
  "description": "Produces Sraphite with energy",
  "health": 500,
  "size": 2,
  "requirements": [
    { "item": "copper", "amount": 80},
	{ "item": "lead", "amount": 50},
  ],
  "research": "graphite-press",
  "hasPower": true,
  "hasItems": true,
  "craftTime": 150,
  "consumes": {
    "power": 7.5,
  },
  "updateEffect": "smeltsmoke",
  "category": "crafting",
  "idleSoundVolume": 0.5,
  "itemCapacity": 20,
  "outputItem": { "item": "graphite", "amount": 2}
}
