{
  "type": "GenericCrafter",
  "name": "Lead generator",
  "description": "Generates lead. Upgraded version of low power lead generator. Needs energy.",
  "health": 1000,
  "size": 2,
   "requirements": [
   { "item": "copper", "amount": 200},
   { "item": "lead", "amount": 150},
   ],
  "research": "low-power-lead-generator",
  "hasPower": true,
  "hasItems": true,
  "craftTime": 50,
  "consumes": {
    "power": 15,
  },
  "updateEffect": "smeltsmoke",
  "category": "crafting",
  "idleSoundVolume": 0.5,
  "itemCapacity": 20,
  "outputItem": { "item": "lead", "amount": 1}
}