{
  "type": "GenericCrafter",
  "name": "Thorium generator",
  "description": "Generates thorium. Building this generator is expensive. Block gives out small stacks of thorium, relatively frequently. Consumes big amount of power.",
  "health": 1500,
  "size": 2,
  "requirements": [
    { "item": "copper", "amount": 100},
	{ "item": "lead", "amount": 150},
	{ "item": "graphite", "amount": 150},
	{ "item": "silicon", "amount": 100},
	{ "item": "metaglass", "amount": 100},
	{ "item": "titanium", "amount": 125},
	{ "item": "plastanium", "amount": 160},
	{ "item": "thorium", "amount": 100},
	{ "item": "phase-fabric", "amount": 160},
	{ "item": "surge-alloy", "amount": 200},
  ],
  "research": "low-power-thorium-generator",
  "hasPower": true,
  "hasItems": true,
  "craftTime": 88,
  "consumes": {
    "power": 30,
  },
  "updateEffect": "smeltsmoke",
  "category": "crafting",
  "idleSoundVolume": 0.5,
  "itemCapacity": 30,
  "outputItem": { "item": "thorium", "amount": 2}
}
