{
  "type": "GenericCrafter",
  "name": "Titanium generator",
  "description": "Generates stacks of titanium",
  "health": 1000,
  "size": 2,
  "requirements": [
    { "item": "copper", "amount": 100},
	{ "item": "lead", "amount": 200},
	{ "item": "graphite", "amount": 100},
	{ "item": "silicon", "amount": 100},
	{ "item": "metaglass", "amount": 100},
	{ "item": "titanium", "amount": 120},
	{ "item": "plastanium", "amount": 150},
  ],
  "research": "low-power-titanium-generator",
  "hasPower": true,
  "hasItems": true,
  "craftTime": 96,
  "consumes": {
    "power": 20,
  },
  "updateEffect": "smeltsmoke",
  "category": "crafting",
  "idleSoundVolume": 0.5,
  "itemCapacity": 32,
  "outputItem": { "item": "titanium", "amount": 2}
}