{
  "type": "PowerNode",
  "name": "Big surge power node",
  "description": "Scaled small surge power node. The same feature as previous big power nodes.",
  "size": 2,
  "health": 1000,
  "laserRange": 45,
  "maxNodes": 8,
  "requirements": [
	{ "item": "lead", "amount": 100},
	{ "item": "silicon", "amount": 80},
	{ "item": "titanium", "amount": 90},
	{ "item": "thorium", "amount": 80},
	{ "item": "surge-alloy", "amount": 50},
	],
  "category": "power",
  "research": "surge-alloy-power-node"
}